{
  "reqres api" : {
    "transaction" : "reqres api",
    "sampleCount" : 900,
    "errorCount" : 38,
    "errorPct" : 4.2222223,
    "meanResTime" : 7894.346666666667,
    "medianResTime" : 6781.5,
    "minResTime" : 868.0,
    "maxResTime" : 30339.0,
    "pct1ResTime" : 12372.3,
    "pct2ResTime" : 13808.949999999997,
    "pct3ResTime" : 25368.280000000002,
    "throughput" : 25.33355852052018,
    "receivedKBytesPerSec" : 49.32896857231323,
    "sentKBytesPerSec" : 2.9145137540111463
  },
  "Total" : {
    "transaction" : "Total",
    "sampleCount" : 900,
    "errorCount" : 38,
    "errorPct" : 4.2222223,
    "meanResTime" : 7894.346666666667,
    "medianResTime" : 6781.5,
    "minResTime" : 868.0,
    "maxResTime" : 30339.0,
    "pct1ResTime" : 12372.3,
    "pct2ResTime" : 13808.949999999997,
    "pct3ResTime" : 25368.280000000002,
    "throughput" : 25.33355852052018,
    "receivedKBytesPerSec" : 49.32896857231323,
    "sentKBytesPerSec" : 2.9145137540111463
  }
}