{
  "reqres api" : {
    "transaction" : "reqres api",
    "sampleCount" : 200,
    "errorCount" : 0,
    "errorPct" : 0.0,
    "meanResTime" : 345.7750000000003,
    "medianResTime" : 219.0,
    "minResTime" : 121.0,
    "maxResTime" : 1514.0,
    "pct1ResTime" : 893.5000000000003,
    "pct2ResTime" : 1350.5999999999995,
    "pct3ResTime" : 1512.96,
    "throughput" : 20.253164556962027,
    "receivedKBytesPerSec" : 38.29113924050633,
    "sentKBytesPerSec" : 2.4327531645569622
  },
  "Total" : {
    "transaction" : "Total",
    "sampleCount" : 200,
    "errorCount" : 0,
    "errorPct" : 0.0,
    "meanResTime" : 345.7750000000003,
    "medianResTime" : 219.0,
    "minResTime" : 121.0,
    "maxResTime" : 1514.0,
    "pct1ResTime" : 893.5000000000003,
    "pct2ResTime" : 1350.5999999999995,
    "pct3ResTime" : 1512.96,
    "throughput" : 20.253164556962027,
    "receivedKBytesPerSec" : 38.29113924050633,
    "sentKBytesPerSec" : 2.4327531645569622
  }
}