{
  "reqres api" : {
    "transaction" : "reqres api",
    "sampleCount" : 100,
    "errorCount" : 0,
    "errorPct" : 0.0,
    "meanResTime" : 624.0800000000002,
    "medianResTime" : 279.0,
    "minResTime" : 39.0,
    "maxResTime" : 3459.0,
    "pct1ResTime" : 1625.1000000000001,
    "pct2ResTime" : 3190.599999999993,
    "pct3ResTime" : 3457.5699999999993,
    "throughput" : 8.13140348024069,
    "receivedKBytesPerSec" : 15.317848938851846,
    "sentKBytesPerSec" : 0.9767213164742234
  },
  "Total" : {
    "transaction" : "Total",
    "sampleCount" : 100,
    "errorCount" : 0,
    "errorPct" : 0.0,
    "meanResTime" : 624.0800000000002,
    "medianResTime" : 279.0,
    "minResTime" : 39.0,
    "maxResTime" : 3459.0,
    "pct1ResTime" : 1625.1000000000001,
    "pct2ResTime" : 3190.599999999993,
    "pct3ResTime" : 3457.5699999999993,
    "throughput" : 8.13140348024069,
    "receivedKBytesPerSec" : 15.317848938851846,
    "sentKBytesPerSec" : 0.9767213164742234
  }
}