{
  "reqres api" : {
    "transaction" : "reqres api",
    "sampleCount" : 500,
    "errorCount" : 0,
    "errorPct" : 0.0,
    "meanResTime" : 298.14799999999997,
    "medianResTime" : 190.5,
    "minResTime" : 105.0,
    "maxResTime" : 1454.0,
    "pct1ResTime" : 692.7,
    "pct2ResTime" : 1267.4999999999995,
    "pct3ResTime" : 1445.97,
    "throughput" : 50.11526510975243,
    "receivedKBytesPerSec" : 94.74917309812568,
    "sentKBytesPerSec" : 6.019704695800341
  },
  "Total" : {
    "transaction" : "Total",
    "sampleCount" : 500,
    "errorCount" : 0,
    "errorPct" : 0.0,
    "meanResTime" : 298.14799999999997,
    "medianResTime" : 190.5,
    "minResTime" : 105.0,
    "maxResTime" : 1454.0,
    "pct1ResTime" : 692.7,
    "pct2ResTime" : 1267.4999999999995,
    "pct3ResTime" : 1445.97,
    "throughput" : 50.11526510975243,
    "receivedKBytesPerSec" : 94.74917309812568,
    "sentKBytesPerSec" : 6.019704695800341
  }
}