{
  "reqres api" : {
    "transaction" : "reqres api",
    "sampleCount" : 600,
    "errorCount" : 0,
    "errorPct" : 0.0,
    "meanResTime" : 476.4733333333334,
    "medianResTime" : 252.0,
    "minResTime" : 120.0,
    "maxResTime" : 2051.0,
    "pct1ResTime" : 1448.6,
    "pct2ResTime" : 1891.6999999999996,
    "pct3ResTime" : 2040.95,
    "throughput" : 59.69555268132524,
    "receivedKBytesPerSec" : 112.92020072629589,
    "sentKBytesPerSec" : 7.170461894338872
  },
  "Total" : {
    "transaction" : "Total",
    "sampleCount" : 600,
    "errorCount" : 0,
    "errorPct" : 0.0,
    "meanResTime" : 476.4733333333334,
    "medianResTime" : 252.0,
    "minResTime" : 120.0,
    "maxResTime" : 2051.0,
    "pct1ResTime" : 1448.6,
    "pct2ResTime" : 1891.6999999999996,
    "pct3ResTime" : 2040.95,
    "throughput" : 59.69555268132524,
    "receivedKBytesPerSec" : 112.92020072629589,
    "sentKBytesPerSec" : 7.170461894338872
  }
}